S.No.,Customers,Iterations,AAWT
1,1000,100,2.628500
2,2000,100,2.641025
3,3000,100,2.673697
4,4000,100,2.675145
5,5000,100,2.646452
6,6000,100,2.667490
7,1000,200,2.610255
8,2000,200,2.613363
9,3000,200,2.650357
10,4000,200,2.673549
11,5000,200,2.670935
12,6000,200,2.669127
